ربيعه,382,36 47,42 06,602
تلعفر,373,36 22,42 29,603
سنجار,583,36 19,41 50,604
الموصل,223,36 19,43 09,608
البعاج,321,36 02,41 44,610
تل عبطه,200,35 55,42 34,609
مخمور,270,35 45,43 36,619
كركوك,331,35 28,44 24,621
بيجي,115.5,34 54,43 32,631
طوز خورماتو,220,34 53,44 39,632
تكريت,107,34 34,43 42,633
القائم,177.5,34 23,41 01,627
عنه,174.5,34 22,41 57,629
خانقين,202,"34 21 ",45 23,637
سامراء,75,34 11,"43 54 ",635
حديثه,108,34 08,42 21,634
الخالص,44,33 50,44 32,638
رمادي,48,33 27,43 19,645
بغداد-المطار,31.7,33 18,44 24,650
الرطبه,630.8,33 02,40 17,642
كربلاء,29,32 34,44 03,656
عين التمر,27.9,32 33,44 43,655
الحله,27,32 27,44 27,657
الكوت,19,32 30,45 49,664
الحي,17,32 08,46 02,665
النخيب,305,32 02,42 17,658
بصره-المطار,2.6,30 31,47 47,690
حبانيه,43.6,32 23,43 34,648
الفاو,2.0,29 59,48 30,691